<?xml version="1.0" encoding="UTF-8"?>
<beans xmlns="http://www.springframework.org/schema/beans"
	xmlns:xsi="http://www.w3.org/2001/XMLSchema-instance"
	xmlns:aop="http://www.springframework.org/schema/aop"
	xmlns:mybatis-spring="http://mybatis.org/schema/mybatis-spring"
	xmlns:jdbc="http://www.springframework.org/schema/jdbc"
	xmlns:context="http://www.springframework.org/schema/context"
	xsi:schemaLocation="http://www.springframework.org/schema/jdbc http://www.springframework.org/schema/jdbc/spring-jdbc-4.3.xsd
		http://mybatis.org/schema/mybatis-spring http://mybatis.org/schema/mybatis-spring-1.2.xsd
		http://www.springframework.org/schema/beans http://www.springframework.org/schema/beans/spring-beans.xsd
		http://www.springframework.org/schema/context http://www.springframework.org/schema/context/spring-context-4.3.xsd
		http://www.springframework.org/schema/aop http://www.springframework.org/schema/aop/spring-aop-4.3.xsd">
	

	<!-- Root Context: defines shared resources visible to all other web components -->

	<!-- MySQL dataSource <bean id="dataSource" class="org.springframework.jdbc.datasource.DriverManagerDataSource"> 
		<property name="driverClassName" value="com.mysql.cj.jdbc.Driver"></property> 
		<property name="url" value="${jdbc.url}"> </property> 
		<property name="username" value="${jdbc.username}"></property> <property 
		name="password" value="${jdbc.password}"></property> </bean> -->

	<!-- 자신의 PC(로컬)에 MySql을 설치했을 경우 <bean id="dataSource" class="org.springframework.jdbc.datasource.DriverManagerDataSource"> 
		<property name="driverClassName" value="com.mysql.cj.jdbc.Driver"></property> 
		<property name="url" value="jdbc:mysql://127.0.0.1:3306/crud?useSSL=false&amp;serverTimezone=UTC"> 
		</property> <property name="username" value="${jdbc.username}"></property> <property 
		name="password" value="${jdbc.password}"></property> </bean> -->



<!-- 운영용 mysql
	<bean id="dataSource"
		class="org.springframework.jdbc.datasource.SimpleDriverDataSource">
		<property name="driverClass" value="org.mariadb.jdbc.Driver"></property>
		<property name="url"
			value="${jdbc.url}"></property>
		<property name="username" value="${jdbc.username}"></property>
		<property name="password" value="${jdbc.password}"></property>
	</bean>
 -->

	<!-- env properties 파일 로드 -->		
 	<context:property-placeholder location="classpath:config/spring/env.properties" />


	<!-- MySQL dataSource -->
	<!-- SQL logging을 위해 dataSource -> dataSourceSpied 변경 -->
	<bean id="dataSourceSpied"
		class="org.springframework.jdbc.datasource.DriverManagerDataSource">
		<property name="driverClassName" value="${jdbc.driverClassName}"></property>
		<property name="url" value="${jdbc.url}"></property>
		<property name="username" value="${jdbc.username}"></property>
		<property name="password" value="${jdbc.password}"></property>
	</bean>
	
	<!-- SQL logging property  -->
	<!-- log 출력 후 dataSourceSpied  -->
    <bean id="dataSource" class="net.sf.log4jdbc.Log4jdbcProxyDataSource">
        <constructor-arg ref="dataSourceSpied" />
        <property name="logFormatter">
            <bean class="net.sf.log4jdbc.tools.Log4JdbcCustomFormatter">
                <property name="loggingType" value="MULTI_LINE" />
                <property name="sqlPrefix" value="SQL         :  "/>
            </bean>
        </property>
    </bean>



    <!-- mybatis SqlSessionFactoryBean -->
    <bean id="sqlSessionFactory" class="org.mybatis.spring.SqlSessionFactoryBean">
        <property name="dataSource" ref="dataSource"></property>
        <property name="configLocation" value="classpath:/mybatis-config.xml"></property>
        <property name="mapperLocations" value="classpath:SQL/**/*SQL.xml"></property>
    </bean>

 	
        <!-- mybatis      -->
    <bean id="sqlSession" class="org.mybatis.spring.SqlSessionTemplate"
        destroy-method="clearCache">
        <constructor-arg name="sqlSessionFactory" ref="sqlSessionFactory"></constructor-arg>
    </bean>



</beans>