<?xml version="1.0" encoding="UTF-8"?>
<beans:beans xmlns="http://www.springframework.org/schema/mvc"
	xmlns:xsi="http://www.w3.org/2001/XMLSchema-instance"
	xmlns:mvc="http://www.springframework.org/schema/mvc"
	xmlns:beans="http://www.springframework.org/schema/beans"
	xmlns:context="http://www.springframework.org/schema/context"
	xmlns:util="http://www.springframework.org/schema/util"
	xsi:schemaLocation="http://www.springframework.org/schema/mvc http://www.springframework.org/schema/mvc/spring-mvc.xsd
		http://www.springframework.org/schema/beans http://www.springframework.org/schema/beans/spring-beans.xsd
		http://www.springframework.org/schema/context http://www.springframework.org/schema/context/spring-context.xsd
		http://www.springframework.org/schema/util http://www.springframework.org/schema/util/spring-util-4.3.xsd">

	<!-- DispatcherServlet Context: defines this servlet's request-processing infrastructure -->
	
	<!-- Enables the Spring MVC @Controller programming model -->
	<annotation-driven />
	<!-- Handles HTTP GET requests for /resources/** by efficiently serving up static resources in the ${webappRoot}/resources directory -->
	<resources mapping="/resources/**" location="/resources/" />

	<!-- Resolves views selected for rendering by @Controllers to .jsp resources in the /WEB-INF/views directory -->
	<beans:bean class="org.springframework.web.servlet.view.InternalResourceViewResolver">
		<beans:property name="prefix" value="/WEB-INF/views/" />
		<beans:property name="suffix" value=".jsp" />
	</beans:bean>
	

	<!-- Bean 등록(Component, Repository, Service, Controller) -->
	<context:component-scan base-package="com.bridgeimpact.renewal.dao"/>
	<context:component-scan base-package="com.bridgeimpact.renewal.dto"/>
	
		
	<!-- Spring Annotation 설정 -->
	<context:annotation-config /> 
	
	<!-- Resource 접근 설정 -->
	<resources mapping="/**" location="/resources/" />

	<!-- properties 파일 로드 -->	
 	<context:property-placeholder location="classpath:config/spring/env.properties"/>
	
	<!-- Administrator Email Sender (SEND) -->
	<beans:bean id="mailSender" class="org.springframework.mail.javamail.JavaMailSenderImpl">
		<beans:property name="host" value="${email.host}" />
		<beans:property name="port" value="${email.port}" />
		<beans:property name="username" value="${email.username}" />
		<beans:property name="password" value="${email.password}" />


		<!-- Email properties (SMTP) -->
		<beans:property name="javaMailProperties">
		<beans:props>
			<beans:prop key="mail.transport.protocol">smtp</beans:prop>
			<beans:prop key="mail.smtp.auth">true</beans:prop>
			<beans:prop key="mail.smtp.starttls.enable">true</beans:prop>
			<beans:prop key="mail.debug">true</beans:prop>
		</beans:props>
		</beans:property>
	</beans:bean>

</beans:beans>
