<?xml version="1.0" encoding="UTF-8"?>
<beans:beans xmlns="http://www.springframework.org/schema/mvc"
	xmlns:xsi="http://www.w3.org/2001/XMLSchema-instance"
	xmlns:mvc="http://www.springframework.org/schema/mvc"
	xmlns:beans="http://www.springframework.org/schema/beans"
	xmlns:context="http://www.springframework.org/schema/context"
	xsi:schemaLocation="http://www.springframework.org/schema/mvc http://www.springframework.org/schema/mvc/spring-mvc.xsd
		http://www.springframework.org/schema/beans http://www.springframework.org/schema/beans/spring-beans.xsd
		http://www.springframework.org/schema/context http://www.springframework.org/schema/context/spring-context.xsd">


<!-- 	
	<mvc:interceptors>
		<mvc:interceptor>
		<beans:bean class="com.bridgeimpact.renewal.service.LoginCheckIntercepter"/>
		</mvc:interceptor>
		controller 실행 전이나 후에 실행 될 intercepter 로직 class
	</mvc:interceptors>
 
 -->

	<mvc:interceptors>
		<!-- 모든 이용자에게 동작하는 인터셉터-->
		<mvc:interceptor>
			<mvc:mapping path="/**" />
			<beans:bean
				class="com.bridgeimpact.renewal.intercepter.IncomingIntercepter" />
		</mvc:interceptor>
		<!-- 로그인이 필요한 요청에만 동작하는 인터셉터-->
		<mvc:interceptor>
			<mvc:mapping path="/board/writeForm.bim" />
			<mvc:mapping path="/board/editForm.bim" />
			<mvc:mapping path="/member/editForm.bim" />
			<beans:bean
				class="com.bridgeimpact.renewal.intercepter.LoginCheckIntercepter" />
		</mvc:interceptor>
		<!-- 관리자 회원을 위한 인터셉터-->
		<mvc:interceptor>
			<mvc:mapping path="/admin/*" />
			<beans:bean
				class="com.bridgeimpact.renewal.intercepter.AdminCheckIntercepter" />
		</mvc:interceptor>
	</mvc:interceptors>
</beans:beans>
