<?xml version="1.0" encoding="UTF-8"?>
<!DOCTYPE mapper
  PUBLIC "-//mybatis.org//DTD Config 3.0//EN"
  "http://mybatis.org/dtd/mybatis-3-mapper.dtd">
 
<mapper namespace="com.bridgeimpact.renewal.emailAuthSQL">
   	<resultMap type="emailAuthVO"  id="EmailAuthResultMap">
    		<result property="idx" column="IDX" />
		<result property="userId" column="USER_ID" />
		<result property="userIdx" column="USER_IDX" />
		<result property="emailAuthKey" column="EMAIL_AUTH_KEY" />
		<result property="authFl" column="AUTH_FL" />
	</resultMap>

   	<insert id="insertEmailAuth" parameterType="emailAuthVO">
		INSERT INTO BIM_EMAIL_AUTH
		(
		IDX,
		USER_IDX,
		USER_ID,
		EMAIL_AUTH_KEY,
		AUTH_FL
		)
		VALUES
		(
		NULL,
		#{userIdx},
		#{userId},
		#{emailAuthKey},
		'N'
		)
	</insert>

	<update id="updateEmailAuthByKey" parameterType="String">

		
		UPDATE BIM_EMAIL_AUTH email INNER JOIN BIM_MEMBER_TB member
		ON email.USER_IDX = member.IDX
		SET
		email.AUTH_FL= 'Y' , member.`TYPE` = '1' 
		WHERE
		email.EMAIL_AUTH_KEY =  #{key }
		updateMemberPasswordByEmailAuth
		
	</update>
	
	<select id="selectEmailAuthByKey" resultType="emailAuthVO"  parameterType="String">
		SELECT
		member.IDX,
		member.ID AS userId,
		member.`TYPE`,
		email.AUTH_FL,
		member.EMAIL
		FROM BIM_MEMBER_TB member, BIM_EMAIL_AUTH email WHERE member.IDX = email.USER_IDX
		AND EMAIL_AUTH_KEY = #{key}
	</select>


</mapper>
