<?xml version="1.0" encoding="UTF-8" ?>
<!DOCTYPE mapper
  PUBLIC "-//mybatis.org//DTD Config 3.0//EN"
  "http://mybatis.org/dtd/mybatis-3-mapper.dtd">
 
<mapper namespace="com.bridgeimpact.renewal.fileSQL">
    	<resultMap type="fileVO"  id="fileResultMap">
		<result property="articleIdx" column="ARTICLE_IDX" />
		<result property="originalFileName" column="ORIGINAL_FILE_NAME" />
		<result property="storedFileName" column="STORED_FILE_NAME" />
		<result property="fileSize" column="FILE_SIZE" />
		<result property="creaDtm" column="CREA_DTM" />
		<result property="creaId" column="CREA_ID" />
		<result property="delGb" column="DELGB" />
	</resultMap>
    
   	<insert id="insertFile" parameterType="fileVO">
	<![CDATA[
	INSERT INTO BIM_FILE_TB  
	(
	ARTICLE_IDX,
	ORIGINAL_FILE_NAME,
	STORED_FILE_NAME,
	FILE_SIZE,
	CREA_DTM,
	CREA_ID,
	DEL_GB
	)
	VALUES
	(
	#{articleIdx },
	#{originalFileName },
	#{storedFileName },
	#{fileSize },
	NULL,
	#{creaId },
	'N'
	)
    ]]>
	</insert>
    
    <select id="selectAllFileByIndex" parameterType="int" resultType="fileVO">
	<![CDATA[
	
		SELECT
		ARTICLE_IDX,   
		ORIGINAL_FILE_NAME,   
		STORED_FILE_NAME,   
		FILE_SIZE,   
		DEL_GB 
		FROM   BIM_FILE_TB   
		WHERE ARTICLE_IDX = #{value}		
    ]]>
    </select>
    
	<select id="selectFileByStoredName" parameterType="String" resultType="fileVO">
	<![CDATA[
		SELECT
		ARTICLE_IDX,   
		ORIGINAL_FILE_NAME,   
		STORED_FILE_NAME,   
		FILE_SIZE,   
		CREA_ID,
		DEL_GB
		FROM   BIM_FILE_TB   
		WHERE STORED_FILE_NAME = #{value}	 
    ]]>
    </select>

	<delete id="deleteFile" parameterType="fileVO" >
		DELETE FROM bridgeimpact.BIM_FILE_TB
			WHERE 	ARTICLE_IDX = #{articleIdx } AND
			STORED_FILE_NAME = #{storedFileName }
	</delete>
	<!-- deleteFile
  	<update id="updateArticle" parameterType="articleVO">
   		<![CDATA[
		UPDATE BIM_ARTICLE_TB
		SET 
		TITLE  = #{title},   
		CONTENTS  = #{contents}  
		WHERE 
		IDX =  #{idx} 
		]]>
	</update>
	
		<update id="deleteArticle" parameterType="articleVO">
		<![CDATA[
		UPDATE BIM_ARTICLE_TB
		SET 
		DEL_GB = 'Y'
		WHERE 
		IDX= #{idx} AND WRITE_ID = #{writeId} 
		]]>
	</update>
	
		<update id="updateHitCntByIndex" parameterType="int">
		<![CDATA[
		UPDATE BIM_ARTICLE_TB
		SET 
		HIT_CNT = COALESCE(HIT_CNT, 0) + 1
		WHERE 
		IDX= #{idx} 
		]]>
	</update>
      -->
</mapper>
